"SAMPLE.ID","LAB.ID.x","METHOD","CAS.NUMBER","ANALYTE","RESULT","UNITS","DILUTION","RESULT.REPORTED.TO","MDL","RL","REPORT.BASIS","PERCENT.MOISTURE","PERCENT.SOLID","non.detect","duplicate","location.name","treatment.name","method.name","event.type","LAB.ID.y","MATRIX","COLLECTED","RECEIVED","HOLD","flag"
"KB-07-IN2-1","HS22090451-01","E300 - 300_W","ARC-NO3NO2N","Nitrate/Nitrite (as N)",7.81,"mg/L",1,"RL",0.03,0.2,NA,NA,NA,FALSE,FALSE,"Kerbel",NA,NA,"Inflow","-01","Water","07 Sep 2022 17:00","09 Sep 2022 09:55","No",NA
"KB-07-IN2-1","HS22090451-01","E300 - 300_W","14797-55-8","Nitrogen, Nitrate (As N)",7.77,"mg/L",1,"RL",0.03,0.1,NA,NA,NA,FALSE,FALSE,"Kerbel",NA,NA,"Inflow","-01","Water","07 Sep 2022 17:00","09 Sep 2022 09:55","No",NA
"KB-07-IN2-1","HS22090451-01","E300 - 300_W","14797-65-0","Nitrogen, Nitrite  (As N)",0,"mg/L",1,"RL",0.03,0.1,NA,NA,NA,TRUE,FALSE,"Kerbel",NA,NA,"Inflow","-01","Water","07 Sep 2022 17:00","09 Sep 2022 09:55","No",NA
"KB-07-IN2-1","HS22090451-01","SM4500P E - P-Ortho M4500P E","7723-14-0","Phosphorus, Total Orthophosphate (as P)",0,"mg/L",1,"RL",0.01,0.05,NA,NA,NA,TRUE,FALSE,"Kerbel",NA,NA,"Inflow","-01","Water","07 Sep 2022 17:00","09 Sep 2022 09:55","No",NA
"KB-07-IN2-2","HS22090451-02","M4500 NH3 D - TKN_W 4500NH3 D","7727-37-9TKN","Nitrogen, Total Kjeldahl",0,"mg/L",1,"RL",0.1,0.5,NA,NA,NA,TRUE,FALSE,"Kerbel",NA,NA,"Inflow","-02","Water","07 Sep 2022 17:00","09 Sep 2022 09:55","No",NA
"KB-07-IN2-3","HS22090451-03","SM4500P E - P_TW M4500P E","7723-14-0","Phosphorus, Total (As P)",0,"mg/L",1,"RL",0.02,0.05,NA,NA,NA,TRUE,FALSE,"Kerbel",NA,NA,"Inflow","-03","Water","07 Sep 2022 17:00","09 Sep 2022 09:55","No",NA
"KB-07-IN2-5","HS22090451-04","E200.8 - 200.8","7782-49-2","Selenium",6.44,"µg/L",1,"RL",0.86,2,NA,NA,NA,FALSE,FALSE,"Kerbel",NA,NA,"Inflow","-04","Water","07 Sep 2022 17:00","09 Sep 2022 09:55","No",NA
"CT2-FF-07-GB-1","HS22090451-05","E300 - 300_W","ARC-NO3NO2N","Nitrate/Nitrite (as N)",8.02,"mg/L",1,"RL",0.03,0.2,NA,NA,NA,FALSE,FALSE,"Kerbel","CT2","Grab Sample","Point Sample","-05","Water","07 Sep 2022 17:00","09 Sep 2022 09:55","No",NA
"CT2-FF-07-GB-1","HS22090451-05","E300 - 300_W","14797-55-8","Nitrogen, Nitrate (As N)",8.02,"mg/L",1,"RL",0.03,0.1,NA,NA,NA,FALSE,FALSE,"Kerbel","CT2","Grab Sample","Point Sample","-05","Water","07 Sep 2022 17:00","09 Sep 2022 09:55","No",NA
"CT2-FF-07-GB-1","HS22090451-05","E300 - 300_W","14797-65-0","Nitrogen, Nitrite  (As N)",0,"mg/L",1,"RL",0.03,0.1,NA,NA,NA,TRUE,FALSE,"Kerbel","CT2","Grab Sample","Point Sample","-05","Water","07 Sep 2022 17:00","09 Sep 2022 09:55","No",NA
"CT2-FF-07-GB-1","HS22090451-05","SM4500P E - P-Ortho M4500P E","7723-14-0","Phosphorus, Total Orthophosphate (as P)",0.09,"mg/L",1,"RL",0.01,0.05,NA,NA,NA,FALSE,FALSE,"Kerbel","CT2","Grab Sample","Point Sample","-05","Water","07 Sep 2022 17:00","09 Sep 2022 09:55","No",NA
"CT2-FF-07-GB-2","HS22090451-06","M4500 NH3 D - TKN_W 4500NH3 D","7727-37-9TKN","Nitrogen, Total Kjeldahl",0.71,"mg/L",1,"RL",0.1,0.5,NA,NA,NA,FALSE,FALSE,"Kerbel","CT2","Grab Sample","Point Sample","-06","Water","07 Sep 2022 17:00","09 Sep 2022 09:55","No",NA
"CT2-FF-07-GB-3","HS22090451-07","SM4500P E - P_TW M4500P E","7723-14-0","Phosphorus, Total (As P)",0,"mg/L",1,"RL",0.02,0.05,NA,NA,NA,TRUE,FALSE,"Kerbel","CT2","Grab Sample","Point Sample","-07","Water","07 Sep 2022 17:00","09 Sep 2022 09:55","No",NA
"CT2-FF-07-GB-5","HS22090451-08","E200.8 - 200.8","7782-49-2","Selenium",6.69,"µg/L",1,"RL",0.86,2,NA,NA,NA,FALSE,FALSE,"Kerbel","CT2","Grab Sample","Point Sample","-08","Water","07 Sep 2022 17:00","09 Sep 2022 09:55","No",NA
"MT2-FF-07-GB-1","HS22090451-09","E300 - 300_W","ARC-NO3NO2N","Nitrate/Nitrite (as N)",8.26,"mg/L",1,"RL",0.03,0.2,NA,NA,NA,FALSE,FALSE,"Kerbel","MT","Grab Sample","Point Sample","-09","Water","07 Sep 2022 17:00","09 Sep 2022 09:55","No",NA
"MT2-FF-07-GB-1","HS22090451-09","E300 - 300_W","14797-55-8","Nitrogen, Nitrate (As N)",8.26,"mg/L",1,"RL",0.03,0.1,NA,NA,NA,FALSE,FALSE,"Kerbel","MT","Grab Sample","Point Sample","-09","Water","07 Sep 2022 17:00","09 Sep 2022 09:55","No",NA
"MT2-FF-07-GB-1","HS22090451-09","E300 - 300_W","14797-65-0","Nitrogen, Nitrite  (As N)",0,"mg/L",1,"RL",0.03,0.1,NA,NA,NA,TRUE,FALSE,"Kerbel","MT","Grab Sample","Point Sample","-09","Water","07 Sep 2022 17:00","09 Sep 2022 09:55","No",NA
"MT2-FF-07-GB-1","HS22090451-09","SM4500P E - P-Ortho M4500P E","7723-14-0","Phosphorus, Total Orthophosphate (as P)",0.091,"mg/L",1,"RL",0.01,0.05,NA,NA,NA,FALSE,FALSE,"Kerbel","MT","Grab Sample","Point Sample","-09","Water","07 Sep 2022 17:00","09 Sep 2022 09:55","No",NA
"MT2-FF-07-GB-2","HS22090451-10","M4500 NH3 D - TKN_W 4500NH3 D","7727-37-9TKN","Nitrogen, Total Kjeldahl",0.63,"mg/L",1,"RL",0.1,0.5,NA,NA,NA,FALSE,FALSE,"Kerbel","MT","Grab Sample","Point Sample","-10","Water","07 Sep 2022 17:00","09 Sep 2022 09:55","No",NA
"MT2-FF-07-GB-3","HS22090451-11","SM4500P E - P_TW M4500P E","7723-14-0","Phosphorus, Total (As P)",0.138,"mg/L",1,"RL",0.02,0.05,NA,NA,NA,FALSE,FALSE,"Kerbel","MT","Grab Sample","Point Sample","-11","Water","07 Sep 2022 17:00","09 Sep 2022 09:55","No",NA
"MT2-FF-07-GB-5","HS22090451-12","E200.8 - 200.8","7782-49-2","Selenium",6.6,"µg/L",1,"RL",0.86,2,NA,NA,NA,FALSE,FALSE,"Kerbel","MT","Grab Sample","Point Sample","-12","Water","07 Sep 2022 17:00","09 Sep 2022 09:55","No",NA
"ST2-FF-07-GB-1","HS22090451-13","E300 - 300_W","ARC-NO3NO2N","Nitrate/Nitrite (as N)",8.49,"mg/L",1,"RL",0.03,0.2,NA,NA,NA,FALSE,FALSE,"Kerbel","ST2","Grab Sample","Point Sample","-13","Water","07 Sep 2022 17:00","09 Sep 2022 09:55","No",NA
"ST2-FF-07-GB-1","HS22090451-13","E300 - 300_W","14797-55-8","Nitrogen, Nitrate (As N)",8.49,"mg/L",1,"RL",0.03,0.1,NA,NA,NA,FALSE,FALSE,"Kerbel","ST2","Grab Sample","Point Sample","-13","Water","07 Sep 2022 17:00","09 Sep 2022 09:55","No",NA
"ST2-FF-07-GB-1","HS22090451-13","E300 - 300_W","14797-65-0","Nitrogen, Nitrite  (As N)",0,"mg/L",1,"RL",0.03,0.1,NA,NA,NA,TRUE,FALSE,"Kerbel","ST2","Grab Sample","Point Sample","-13","Water","07 Sep 2022 17:00","09 Sep 2022 09:55","No",NA
"ST2-FF-07-GB-1","HS22090451-13","SM4500P E - P-Ortho M4500P E","7723-14-0","Phosphorus, Total Orthophosphate (as P)",0.17,"mg/L",1,"RL",0.01,0.05,NA,NA,NA,FALSE,FALSE,"Kerbel","ST2","Grab Sample","Point Sample","-13","Water","07 Sep 2022 17:00","09 Sep 2022 09:55","No",NA
"ST2-FF-07-GB-2","HS22090451-14","M4500 NH3 D - TKN_W 4500NH3 D","7727-37-9TKN","Nitrogen, Total Kjeldahl",0.97,"mg/L",1,"RL",0.1,0.5,NA,NA,NA,FALSE,FALSE,"Kerbel","ST2","Grab Sample","Point Sample","-14","Water","07 Sep 2022 17:00","09 Sep 2022 09:55","No",NA
"ST2-FF-07-GB-3","HS22090451-15","SM4500P E - P_TW M4500P E","7723-14-0","Phosphorus, Total (As P)",0.134,"mg/L",1,"RL",0.02,0.05,NA,NA,NA,FALSE,FALSE,"Kerbel","ST2","Grab Sample","Point Sample","-15","Water","07 Sep 2022 17:00","09 Sep 2022 09:55","No",NA
"ST2-FF-07-GB-5","HS22090451-16","E200.8 - 200.8","7782-49-2","Selenium",5.89,"µg/L",1,"RL",0.86,2,NA,NA,NA,FALSE,FALSE,"Kerbel","ST2","Grab Sample","Point Sample","-16","Water","07 Sep 2022 17:00","09 Sep 2022 09:55","No",NA
"AVST1-07-OTLC-1","HS22090500-01","E300 - 300_W","ARC-NO3NO2N","Nitrate/Nitrite (as N)",1.24,"mg/L",1,"RL",0.03,0.2,NA,NA,NA,FALSE,FALSE,"AVRC STAR","ST1","Low-Cost Sampler","Outflow","-01","Water","09 Sep 2022 12:00","10 Sep 2022 08:50","No",NA
"AVST1-07-OTLC-1","HS22090500-01","E300 - 300_W","14797-55-8","Nitrogen, Nitrate (As N)",1.21,"mg/L",1,"RL",0.03,0.1,NA,NA,NA,FALSE,FALSE,"AVRC STAR","ST1","Low-Cost Sampler","Outflow","-01","Water","09 Sep 2022 12:00","10 Sep 2022 08:50","No",NA
"AVST1-07-OTLC-1","HS22090500-01","E300 - 300_W","14797-65-0","Nitrogen, Nitrite  (As N)",0,"mg/L",1,"RL",0.03,0.1,NA,NA,NA,TRUE,FALSE,"AVRC STAR","ST1","Low-Cost Sampler","Outflow","-01","Water","09 Sep 2022 12:00","10 Sep 2022 08:50","No",NA
"AVST1-07-OTLC-1","HS22090500-01","SM4500P E - P-Ortho M4500P E","7723-14-0","Phosphorus, Total Orthophosphate (as P)",0,"mg/L",1,"RL",0.01,0.05,NA,NA,NA,TRUE,FALSE,"AVRC STAR","ST1","Low-Cost Sampler","Outflow","-01","Water","09 Sep 2022 12:00","10 Sep 2022 08:50","No",NA
"AVST1-07-OTLC-2","HS22090500-02","M4500 NH3 D - TKN_W 4500NH3 D","7727-37-9TKN","Nitrogen, Total Kjeldahl",2.2,"mg/L",1,"RL",0.1,0.5,NA,NA,NA,FALSE,FALSE,"AVRC STAR","ST1","Low-Cost Sampler","Outflow","-02","Water","09 Sep 2022 12:00","10 Sep 2022 08:50","No",NA
"AVST1-07-OTLC-3","HS22090500-03","SM4500P E - P_TW M4500P E","7723-14-0","Phosphorus, Total (As P)",0.117,"mg/L",1,"RL",0.02,0.05,NA,NA,NA,FALSE,FALSE,"AVRC STAR","ST1","Low-Cost Sampler","Outflow","-03","Water","09 Sep 2022 12:00","10 Sep 2022 08:50","No",NA
"AVST1-07-OTLC-5","HS22090500-04","E200.8 - 200.8","7782-49-2","Selenium",9.24,"µg/L",1,"RL",0.86,2,NA,NA,NA,FALSE,FALSE,"AVRC STAR","ST1","Low-Cost Sampler","Outflow","-04","Water","09 Sep 2022 12:00","10 Sep 2022 08:50","No",NA
"AVST1-07-OTLC-1-D","HS22090500-05","E300 - 300_W","ARC-NO3NO2N","Nitrate/Nitrite (as N)",1.21,"mg/L",1,"RL",0.03,0.2,NA,NA,NA,FALSE,TRUE,"AVRC STAR","ST1","Low-Cost Sampler","Outflow","-05","Water","09 Sep 2022 12:00","10 Sep 2022 08:50","No",NA
"AVST1-07-OTLC-1-D","HS22090500-05","E300 - 300_W","14797-55-8","Nitrogen, Nitrate (As N)",1.17,"mg/L",1,"RL",0.03,0.1,NA,NA,NA,FALSE,TRUE,"AVRC STAR","ST1","Low-Cost Sampler","Outflow","-05","Water","09 Sep 2022 12:00","10 Sep 2022 08:50","No",NA
"AVST1-07-OTLC-1-D","HS22090500-05","E300 - 300_W","14797-65-0","Nitrogen, Nitrite  (As N)",0,"mg/L",1,"RL",0.03,0.1,NA,NA,NA,TRUE,TRUE,"AVRC STAR","ST1","Low-Cost Sampler","Outflow","-05","Water","09 Sep 2022 12:00","10 Sep 2022 08:50","No",NA
"AVST1-07-OTLC-1-D","HS22090500-05","SM4500P E - P-Ortho M4500P E","7723-14-0","Phosphorus, Total Orthophosphate (as P)",0,"mg/L",1,"RL",0.01,0.05,NA,NA,NA,TRUE,TRUE,"AVRC STAR","ST1","Low-Cost Sampler","Outflow","-05","Water","09 Sep 2022 12:00","10 Sep 2022 08:50","No",NA
"AVST1-07-OTLC-2-D","HS22090500-06","M4500 NH3 D - TKN_W 4500NH3 D","7727-37-9TKN","Nitrogen, Total Kjeldahl",0.97,"mg/L",1,"RL",0.1,0.5,NA,NA,NA,FALSE,TRUE,"AVRC STAR","ST1","Low-Cost Sampler","Outflow","-06","Water","09 Sep 2022 12:00","10 Sep 2022 08:50","No",NA
"AVST1-07-OTLC-3-D","HS22090500-07","SM4500P E - P_TW M4500P E","7723-14-0","Phosphorus, Total (As P)",0.428,"mg/L",1,"RL",0.02,0.05,NA,NA,NA,FALSE,TRUE,"AVRC STAR","ST1","Low-Cost Sampler","Outflow","-07","Water","09 Sep 2022 12:00","10 Sep 2022 08:50","No",NA
"AVST1-07-OTLC-5-D","HS22090500-08","E200.8 - 200.8","7782-49-2","Selenium",9.26,"µg/L",1,"RL",0.86,2,NA,NA,NA,FALSE,TRUE,"AVRC STAR","ST1","Low-Cost Sampler","Outflow","-08","Water","09 Sep 2022 12:00","10 Sep 2022 08:50","No",NA
"AVST2-07-OT-1","HS22090500-09","E300 - 300_W","ARC-NO3NO2N","Nitrate/Nitrite (as N)",0.904,"mg/L",1,"RL",0.03,0.2,NA,NA,NA,FALSE,FALSE,"AVRC STAR","ST2","ISCO","Outflow","-09","Water","09 Sep 2022 12:00","10 Sep 2022 08:50","No",NA
"AVST2-07-OT-1","HS22090500-09","E300 - 300_W","14797-55-8","Nitrogen, Nitrate (As N)",0.904,"mg/L",1,"RL",0.03,0.1,NA,NA,NA,FALSE,FALSE,"AVRC STAR","ST2","ISCO","Outflow","-09","Water","09 Sep 2022 12:00","10 Sep 2022 08:50","No",NA
"AVST2-07-OT-1","HS22090500-09","E300 - 300_W","14797-65-0","Nitrogen, Nitrite  (As N)",0,"mg/L",1,"RL",0.03,0.1,NA,NA,NA,TRUE,FALSE,"AVRC STAR","ST2","ISCO","Outflow","-09","Water","09 Sep 2022 12:00","10 Sep 2022 08:50","No",NA
"AVST2-07-OT-1","HS22090500-09","SM4500P E - P-Ortho M4500P E","7723-14-0","Phosphorus, Total Orthophosphate (as P)",0,"mg/L",1,"RL",0.01,0.05,NA,NA,NA,TRUE,FALSE,"AVRC STAR","ST2","ISCO","Outflow","-09","Water","09 Sep 2022 12:00","10 Sep 2022 08:50","No",NA
"AVST2-07-OT-2","HS22090500-10","M4500 NH3 D - TKN_W 4500NH3 D","7727-37-9TKN","Nitrogen, Total Kjeldahl",0.88,"mg/L",1,"RL",0.1,0.5,NA,NA,NA,FALSE,FALSE,"AVRC STAR","ST2","ISCO","Outflow","-10","Water","09 Sep 2022 12:00","10 Sep 2022 08:50","No",NA
"AVST2-07-OT-3","HS22090500-11","SM4500P E - P_TW M4500P E","7723-14-0","Phosphorus, Total (As P)",0.273,"mg/L",1,"RL",0.02,0.05,NA,NA,NA,FALSE,FALSE,"AVRC STAR","ST2","ISCO","Outflow","-11","Water","09 Sep 2022 12:00","10 Sep 2022 08:50","No",NA
"AVST2-07-OT-5","HS22090500-12","E200.8 - 200.8","7782-49-2","Selenium",10.7,"µg/L",1,"RL",0.86,2,NA,NA,NA,FALSE,FALSE,"AVRC STAR","ST2","ISCO","Outflow","-12","Water","09 Sep 2022 12:00","10 Sep 2022 08:50","No",NA
"AVST2-07-OT-1-D","HS22090500-13","E300 - 300_W","ARC-NO3NO2N","Nitrate/Nitrite (as N)",1.24,"mg/L",1,"RL",0.03,0.2,NA,NA,NA,FALSE,TRUE,"AVRC STAR","ST2","ISCO","Outflow","-13","Water","09 Sep 2022 12:00","10 Sep 2022 08:50","No",NA
"AVST2-07-OT-1-D","HS22090500-13","E300 - 300_W","14797-55-8","Nitrogen, Nitrate (As N)",1.2,"mg/L",1,"RL",0.03,0.1,NA,NA,NA,FALSE,TRUE,"AVRC STAR","ST2","ISCO","Outflow","-13","Water","09 Sep 2022 12:00","10 Sep 2022 08:50","No",NA
"AVST2-07-OT-1-D","HS22090500-13","E300 - 300_W","14797-65-0","Nitrogen, Nitrite  (As N)",0,"mg/L",1,"RL",0.03,0.1,NA,NA,NA,TRUE,TRUE,"AVRC STAR","ST2","ISCO","Outflow","-13","Water","09 Sep 2022 12:00","10 Sep 2022 08:50","No",NA
"AVST2-07-OT-1-D","HS22090500-13","SM4500P E - P-Ortho M4500P E","7723-14-0","Phosphorus, Total Orthophosphate (as P)",0,"mg/L",1,"RL",0.01,0.05,NA,NA,NA,TRUE,TRUE,"AVRC STAR","ST2","ISCO","Outflow","-13","Water","09 Sep 2022 12:00","10 Sep 2022 08:50","No",NA
"AVST2-07-OT-2-D","HS22090500-14","M4500 NH3 D - TKN_W 4500NH3 D","7727-37-9TKN","Nitrogen, Total Kjeldahl",0.79,"mg/L",1,"RL",0.1,0.5,NA,NA,NA,FALSE,TRUE,"AVRC STAR","ST2","ISCO","Outflow","-14","Water","09 Sep 2022 12:00","10 Sep 2022 08:50","No",NA
"AVST2-07-OT-3-D","HS22090500-15","SM4500P E - P_TW M4500P E","7723-14-0","Phosphorus, Total (As P)",0.323,"mg/L",1,"RL",0.02,0.05,NA,NA,NA,FALSE,TRUE,"AVRC STAR","ST2","ISCO","Outflow","-15","Water","09 Sep 2022 12:00","10 Sep 2022 08:50","No",NA
"AVST2-07-OT-5-D","HS22090500-16","E200.8 - 200.8","7782-49-2","Selenium",9.66,"µg/L",1,"RL",0.86,2,NA,NA,NA,FALSE,TRUE,"AVRC STAR","ST2","ISCO","Outflow","-16","Water","09 Sep 2022 12:00","10 Sep 2022 08:50","No",NA
"AVCT2-07-OTLC-1","HS22090500-17","E300 - 300_W","ARC-NO3NO2N","Nitrate/Nitrite (as N)",0,"mg/L",1,"RL",0.03,0.2,NA,NA,NA,TRUE,FALSE,"AVRC STAR","CT2","Low-Cost Sampler","Outflow","-17","Water","09 Sep 2022 12:00","10 Sep 2022 08:50","No",NA
"AVCT2-07-OTLC-1","HS22090500-17","E300 - 300_W","14797-55-8","Nitrogen, Nitrate (As N)",0.154,"mg/L",1,"RL",0.03,0.1,NA,NA,NA,FALSE,FALSE,"AVRC STAR","CT2","Low-Cost Sampler","Outflow","-17","Water","09 Sep 2022 12:00","10 Sep 2022 08:50","No",NA
"AVCT2-07-OTLC-1","HS22090500-17","E300 - 300_W","14797-65-0","Nitrogen, Nitrite  (As N)",0,"mg/L",1,"RL",0.03,0.1,NA,NA,NA,TRUE,FALSE,"AVRC STAR","CT2","Low-Cost Sampler","Outflow","-17","Water","09 Sep 2022 12:00","10 Sep 2022 08:50","No",NA
"AVCT2-07-OTLC-1","HS22090500-17","SM4500P E - P-Ortho M4500P E","7723-14-0","Phosphorus, Total Orthophosphate (as P)",0,"mg/L",1,"RL",0.01,0.05,NA,NA,NA,TRUE,FALSE,"AVRC STAR","CT2","Low-Cost Sampler","Outflow","-17","Water","09 Sep 2022 12:00","10 Sep 2022 08:50","No",NA
"AVCT2-07-OTLC-2","HS22090500-18","M4500 NH3 D - TKN_W 4500NH3 D","7727-37-9TKN","Nitrogen, Total Kjeldahl",2.4,"mg/L",1,"RL",0.1,0.5,NA,NA,NA,FALSE,FALSE,"AVRC STAR","CT2","Low-Cost Sampler","Outflow","-18","Water","09 Sep 2022 12:00","10 Sep 2022 08:50","No",NA
"AVCT2-07-OTLC-3","HS22090500-19","SM4500P E - P_TW M4500P E","7723-14-0","Phosphorus, Total (As P)",3.91,"mg/L",5,"RL",0.1,0.25,NA,NA,NA,FALSE,FALSE,"AVRC STAR","CT2","Low-Cost Sampler","Outflow","-19","Water","09 Sep 2022 12:00","10 Sep 2022 08:50","No",NA
"AVCT2-07-OTLC-5","HS22090500-20","E200.8 - 200.8","7782-49-2","Selenium",11.3,"µg/L",1,"RL",0.86,2,NA,NA,NA,FALSE,FALSE,"AVRC STAR","CT2","Low-Cost Sampler","Outflow","-20","Water","09 Sep 2022 12:00","10 Sep 2022 08:50","No",NA
"AVCT2-07-OTLC-1-D","HS22090500-21","E300 - 300_W","ARC-NO3NO2N","Nitrate/Nitrite (as N)",0.281,"mg/L",1,"RL",0.03,0.2,NA,NA,NA,FALSE,TRUE,"AVRC STAR","CT2","Low-Cost Sampler","Outflow","-21","Water","09 Sep 2022 12:00","10 Sep 2022 08:50","No",NA
"AVCT2-07-OTLC-1-D","HS22090500-21","E300 - 300_W","14797-55-8","Nitrogen, Nitrate (As N)",0.244,"mg/L",1,"RL",0.03,0.1,NA,NA,NA,FALSE,TRUE,"AVRC STAR","CT2","Low-Cost Sampler","Outflow","-21","Water","09 Sep 2022 12:00","10 Sep 2022 08:50","No",NA
"AVCT2-07-OTLC-1-D","HS22090500-21","E300 - 300_W","14797-65-0","Nitrogen, Nitrite  (As N)",0,"mg/L",1,"RL",0.03,0.1,NA,NA,NA,TRUE,TRUE,"AVRC STAR","CT2","Low-Cost Sampler","Outflow","-21","Water","09 Sep 2022 12:00","10 Sep 2022 08:50","No",NA
"AVCT2-07-OTLC-1-D","HS22090500-21","SM4500P E - P-Ortho M4500P E","7723-14-0","Phosphorus, Total Orthophosphate (as P)",0.058,"mg/L",1,"RL",0.01,0.05,NA,NA,NA,FALSE,TRUE,"AVRC STAR","CT2","Low-Cost Sampler","Outflow","-21","Water","09 Sep 2022 12:00","10 Sep 2022 08:50","No",NA
"AVCT2-07-OTLC-2-D","HS22090500-22","M4500 NH3 D - TKN_W 4500NH3 D","7727-37-9TKN","Nitrogen, Total Kjeldahl",4.1,"mg/L",1,"RL",0.1,0.5,NA,NA,NA,FALSE,TRUE,"AVRC STAR","CT2","Low-Cost Sampler","Outflow","-22","Water","09 Sep 2022 12:00","10 Sep 2022 08:50","No",NA
"AVCT2-07-OTLC-3-D","HS22090500-23","SM4500P E - P_TW M4500P E","7723-14-0","Phosphorus, Total (As P)",2.9,"mg/L",5,"RL",0.1,0.25,NA,NA,NA,FALSE,TRUE,"AVRC STAR","CT2","Low-Cost Sampler","Outflow","-23","Water","09 Sep 2022 12:00","10 Sep 2022 08:50","No",NA
"AVCT2-07-OTLC-5-D","HS22090500-24","E200.8 - 200.8","7782-49-2","Selenium",12.6,"µg/L",1,"RL",0.86,2,NA,NA,NA,FALSE,TRUE,"AVRC STAR","CT2","Low-Cost Sampler","Outflow","-24","Water","09 Sep 2022 12:00","10 Sep 2022 08:50","No",NA
"AVCT2-07-OT-1","HS22090500-25","E300 - 300_W","ARC-NO3NO2N","Nitrate/Nitrite (as N)",1.02,"mg/L",1,"RL",0.03,0.2,NA,NA,NA,FALSE,FALSE,"AVRC STAR","CT2","ISCO","Outflow","-25","Water","09 Sep 2022 12:00","10 Sep 2022 08:50","No",NA
"AVCT2-07-OT-1","HS22090500-25","E300 - 300_W","14797-55-8","Nitrogen, Nitrate (As N)",0.985,"mg/L",1,"RL",0.03,0.1,NA,NA,NA,FALSE,FALSE,"AVRC STAR","CT2","ISCO","Outflow","-25","Water","09 Sep 2022 12:00","10 Sep 2022 08:50","No",NA
"AVCT2-07-OT-1","HS22090500-25","E300 - 300_W","14797-65-0","Nitrogen, Nitrite  (As N)",0,"mg/L",1,"RL",0.03,0.1,NA,NA,NA,TRUE,FALSE,"AVRC STAR","CT2","ISCO","Outflow","-25","Water","09 Sep 2022 12:00","10 Sep 2022 08:50","No",NA
"AVCT2-07-OT-1","HS22090500-25","SM4500P E - P-Ortho M4500P E","7723-14-0","Phosphorus, Total Orthophosphate (as P)",0,"mg/L",1,"RL",0.01,0.05,NA,NA,NA,TRUE,FALSE,"AVRC STAR","CT2","ISCO","Outflow","-25","Water","09 Sep 2022 12:00","10 Sep 2022 08:50","No",NA
"AVCT2-07-OT-2","HS22090500-26","M4500 NH3 D - TKN_W 4500NH3 D","7727-37-9TKN","Nitrogen, Total Kjeldahl",0.96,"mg/L",1,"RL",0.1,0.5,NA,NA,NA,FALSE,FALSE,"AVRC STAR","CT2","ISCO","Outflow","-26","Water","09 Sep 2022 12:00","10 Sep 2022 08:50","No",NA
"AVCT2-07-OT-3","HS22090500-27","SM4500P E - P_TW M4500P E","7723-14-0","Phosphorus, Total (As P)",1.34,"mg/L",5,"RL",0.1,0.25,NA,NA,NA,FALSE,FALSE,"AVRC STAR","CT2","ISCO","Outflow","-27","Water","09 Sep 2022 12:00","10 Sep 2022 08:50","No",NA
"AVCT2-07-OT-5","HS22090500-28","E200.8 - 200.8","7782-49-2","Selenium",8.93,"µg/L",1,"RL",0.86,2,NA,NA,NA,FALSE,FALSE,"AVRC STAR","CT2","ISCO","Outflow","-28","Water","09 Sep 2022 12:00","10 Sep 2022 08:50","No",NA
"AVCT2-07-OT-1-D","HS22090500-29","E300 - 300_W","ARC-NO3NO2N","Nitrate/Nitrite (as N)",1.04,"mg/L",1,"RL",0.03,0.2,NA,NA,NA,FALSE,TRUE,"AVRC STAR","CT2","ISCO","Outflow","-29","Water","09 Sep 2022 12:00","10 Sep 2022 08:50","No",NA
"AVCT2-07-OT-1-D","HS22090500-29","E300 - 300_W","14797-55-8","Nitrogen, Nitrate (As N)",1,"mg/L",1,"RL",0.03,0.1,NA,NA,NA,FALSE,TRUE,"AVRC STAR","CT2","ISCO","Outflow","-29","Water","09 Sep 2022 12:00","10 Sep 2022 08:50","No",NA
"AVCT2-07-OT-1-D","HS22090500-29","E300 - 300_W","14797-65-0","Nitrogen, Nitrite  (As N)",0,"mg/L",1,"RL",0.03,0.1,NA,NA,NA,TRUE,TRUE,"AVRC STAR","CT2","ISCO","Outflow","-29","Water","09 Sep 2022 12:00","10 Sep 2022 08:50","No",NA
"AVCT2-07-OT-1-D","HS22090500-29","SM4500P E - P-Ortho M4500P E","7723-14-0","Phosphorus, Total Orthophosphate (as P)",0.058,"mg/L",1,"RL",0.01,0.05,NA,NA,NA,FALSE,TRUE,"AVRC STAR","CT2","ISCO","Outflow","-29","Water","09 Sep 2022 12:00","10 Sep 2022 08:50","No",NA
"AVCT2-07-OT-2-D","HS22090500-30","M4500 NH3 D - TKN_W 4500NH3 D","7727-37-9TKN","Nitrogen, Total Kjeldahl",0.77,"mg/L",1,"RL",0.1,0.5,NA,NA,NA,FALSE,TRUE,"AVRC STAR","CT2","ISCO","Outflow","-30","Water","09 Sep 2022 12:00","10 Sep 2022 08:50","No",NA
"AVCT2-07-OT-3-D","HS22090500-31","SM4500P E - P_TW M4500P E","7723-14-0","Phosphorus, Total (As P)",1.94,"mg/L",5,"RL",0.1,0.25,NA,NA,NA,FALSE,TRUE,"AVRC STAR","CT2","ISCO","Outflow","-31","Water","09 Sep 2022 12:00","10 Sep 2022 08:50","No",NA
"AVCT2-07-OT-5-D","HS22090500-32","E200.8 - 200.8","7782-49-2","Selenium",9.72,"µg/L",1,"RL",0.86,2,NA,NA,NA,FALSE,TRUE,"AVRC STAR","CT2","ISCO","Outflow","-32","Water","09 Sep 2022 12:00","10 Sep 2022 08:50","No",NA
"AVCT1-07-OTLC-1","HS22090500-33","E300 - 300_W","ARC-NO3NO2N","Nitrate/Nitrite (as N)",0.986,"mg/L",1,"RL",0.03,0.2,NA,NA,NA,FALSE,FALSE,"AVRC STAR","CT1","Low-Cost Sampler","Outflow","-33","Water","09 Sep 2022 12:00","10 Sep 2022 08:50","No",NA
"AVCT1-07-OTLC-1","HS22090500-33","E300 - 300_W","14797-55-8","Nitrogen, Nitrate (As N)",0.948,"mg/L",1,"RL",0.03,0.1,NA,NA,NA,FALSE,FALSE,"AVRC STAR","CT1","Low-Cost Sampler","Outflow","-33","Water","09 Sep 2022 12:00","10 Sep 2022 08:50","No",NA
"AVCT1-07-OTLC-1","HS22090500-33","E300 - 300_W","14797-65-0","Nitrogen, Nitrite  (As N)",0,"mg/L",1,"RL",0.03,0.1,NA,NA,NA,TRUE,FALSE,"AVRC STAR","CT1","Low-Cost Sampler","Outflow","-33","Water","09 Sep 2022 12:00","10 Sep 2022 08:50","No",NA
"AVCT1-07-OTLC-1","HS22090500-33","SM4500P E - P-Ortho M4500P E","7723-14-0","Phosphorus, Total Orthophosphate (as P)",0,"mg/L",1,"RL",0.01,0.05,NA,NA,NA,TRUE,FALSE,"AVRC STAR","CT1","Low-Cost Sampler","Outflow","-33","Water","09 Sep 2022 12:00","10 Sep 2022 08:50","No",NA
"AVCT1-07-OTLC-2","HS22090500-34","M4500 NH3 D - TKN_W 4500NH3 D","7727-37-9TKN","Nitrogen, Total Kjeldahl",1.2,"mg/L",1,"RL",0.1,0.5,NA,NA,NA,FALSE,FALSE,"AVRC STAR","CT1","Low-Cost Sampler","Outflow","-34","Water","09 Sep 2022 12:00","10 Sep 2022 08:50","No",NA
"AVCT1-07-OTLC-3","HS22090500-35","SM4500P E - P_TW M4500P E","7723-14-0","Phosphorus, Total (As P)",0.454,"mg/L",1,"RL",0.02,0.05,NA,NA,NA,FALSE,FALSE,"AVRC STAR","CT1","Low-Cost Sampler","Outflow","-35","Water","09 Sep 2022 12:00","10 Sep 2022 08:50","No",NA
"AVCT1-07-OTLC-5","HS22090500-36","E200.8 - 200.8","7782-49-2","Selenium",9.61,"µg/L",1,"RL",0.86,2,NA,NA,NA,FALSE,FALSE,"AVRC STAR","CT1","Low-Cost Sampler","Outflow","-36","Water","09 Sep 2022 12:00","10 Sep 2022 08:50","No",NA
"AVCT1-07-OTLC-1-D","HS22090500-37","E300 - 300_W","ARC-NO3NO2N","Nitrate/Nitrite (as N)",0.961,"mg/L",1,"RL",0.03,0.2,NA,NA,NA,FALSE,TRUE,"AVRC STAR","CT1","Low-Cost Sampler","Outflow","-37","Water","09 Sep 2022 12:00","10 Sep 2022 08:50","No",NA
"AVCT1-07-OTLC-1-D","HS22090500-37","E300 - 300_W","14797-55-8","Nitrogen, Nitrate (As N)",0.924,"mg/L",1,"RL",0.03,0.1,NA,NA,NA,FALSE,TRUE,"AVRC STAR","CT1","Low-Cost Sampler","Outflow","-37","Water","09 Sep 2022 12:00","10 Sep 2022 08:50","No",NA
"AVCT1-07-OTLC-1-D","HS22090500-37","E300 - 300_W","14797-65-0","Nitrogen, Nitrite  (As N)",0,"mg/L",1,"RL",0.03,0.1,NA,NA,NA,TRUE,TRUE,"AVRC STAR","CT1","Low-Cost Sampler","Outflow","-37","Water","09 Sep 2022 12:00","10 Sep 2022 08:50","No",NA
"AVCT1-07-OTLC-1-D","HS22090500-37","SM4500P E - P-Ortho M4500P E","7723-14-0","Phosphorus, Total Orthophosphate (as P)",0,"mg/L",1,"RL",0.01,0.05,NA,NA,NA,TRUE,TRUE,"AVRC STAR","CT1","Low-Cost Sampler","Outflow","-37","Water","09 Sep 2022 12:00","10 Sep 2022 08:50","No",NA
"AVCT1-07-OTLC-2-D","HS22090500-38","M4500 NH3 D - TKN_W 4500NH3 D","7727-37-9TKN","Nitrogen, Total Kjeldahl",1.1,"mg/L",1,"RL",0.1,0.5,NA,NA,NA,FALSE,TRUE,"AVRC STAR","CT1","Low-Cost Sampler","Outflow","-38","Water","09 Sep 2022 12:00","10 Sep 2022 08:50","No",NA
"AVCT1-07-OTLC-3-D","HS22090500-39","SM4500P E - P_TW M4500P E","7723-14-0","Phosphorus, Total (As P)",0.428,"mg/L",1,"RL",0.02,0.05,NA,NA,NA,FALSE,TRUE,"AVRC STAR","CT1","Low-Cost Sampler","Outflow","-39","Water","09 Sep 2022 12:00","10 Sep 2022 08:50","No",NA
"AVCT1-07-OTLC-5-D","HS22090500-40","E200.8 - 200.8","7782-49-2","Selenium",11.6,"µg/L",1,"RL",0.86,2,NA,NA,NA,FALSE,TRUE,"AVRC STAR","CT1","Low-Cost Sampler","Outflow","-40","Water","09 Sep 2022 12:00","10 Sep 2022 08:50","No",NA
"AV-G4-IN-01","HS22090500-41","E300 - 300_W","ARC-NO3NO2N","Nitrate/Nitrite (as N)",1.25,"mg/L",1,"RL",0.03,0.2,NA,NA,NA,FALSE,FALSE,"AVRC STAR",NA,"Grab Sample","Inflow","-41","Water","09 Sep 2022 12:00","10 Sep 2022 08:50","No",NA
"AV-G4-IN-01","HS22090500-41","E300 - 300_W","14797-55-8","Nitrogen, Nitrate (As N)",1.22,"mg/L",1,"RL",0.03,0.1,NA,NA,NA,FALSE,FALSE,"AVRC STAR",NA,"Grab Sample","Inflow","-41","Water","09 Sep 2022 12:00","10 Sep 2022 08:50","No",NA
"AV-G4-IN-01","HS22090500-41","E300 - 300_W","14797-65-0","Nitrogen, Nitrite  (As N)",0,"mg/L",1,"RL",0.03,0.1,NA,NA,NA,TRUE,FALSE,"AVRC STAR",NA,"Grab Sample","Inflow","-41","Water","09 Sep 2022 12:00","10 Sep 2022 08:50","No",NA
"AV-G4-IN-01","HS22090500-41","SM4500P E - P-Ortho M4500P E","7723-14-0","Phosphorus, Total Orthophosphate (as P)",0,"mg/L",1,"RL",0.01,0.05,NA,NA,NA,TRUE,FALSE,"AVRC STAR",NA,"Grab Sample","Inflow","-41","Water","09 Sep 2022 12:00","10 Sep 2022 08:50","No",NA
"AV-G4-IN-02","HS22090500-42","M4500 NH3 D - TKN_W 4500NH3 D","7727-37-9TKN","Nitrogen, Total Kjeldahl",0.87,"mg/L",1,"RL",0.1,0.5,NA,NA,NA,FALSE,FALSE,"AVRC STAR",NA,"Grab Sample","Inflow","-42","Water","09 Sep 2022 12:00","10 Sep 2022 08:50","No",NA
"AV-G4-IN-03","HS22090500-43","SM4500P E - P_TW M4500P E","7723-14-0","Phosphorus, Total (As P)",0.302,"mg/L",1,"RL",0.02,0.05,NA,NA,NA,FALSE,FALSE,"AVRC STAR",NA,"Grab Sample","Inflow","-43","Water","09 Sep 2022 12:00","10 Sep 2022 08:50","No",NA
"AV-G4-IN-05","HS22090500-44","E200.8 - 200.8","7782-49-2","Selenium",10.6,"µg/L",1,"RL",0.86,2,NA,NA,NA,FALSE,FALSE,"AVRC STAR",NA,"Grab Sample","Inflow","-44","Water","09 Sep 2022 12:00","10 Sep 2022 08:50","No",NA
"HOL-G6-CON-1","HS22090698-01","E300 - 300_W","14797-55-8","Nitrogen, Nitrate (As N)",6.14,"mg/L",1,"RL",0.03,0.1,NA,NA,NA,FALSE,FALSE,"Big Hollow","Confluenc","Grab Sample","Point Sample","-01","Water","13 Sep 2022 13:00","15 Sep 2022 09:05","No",NA
"HOL-G6-CON-1","HS22090698-01","SM4500P E - P-Ortho M4500P E","7723-14-0","Phosphorus, Total Orthophosphate (as P)",0.318,"mg/L",1,"RL",0.01,0.05,NA,NA,NA,FALSE,FALSE,"Big Hollow","Confluenc","Grab Sample","Point Sample","-01","Water","13 Sep 2022 13:00","15 Sep 2022 09:05","No",NA
"HOL-G6-CON-2","HS22090698-02","M4500 NH3 D - TKN_W 4500NH3 D","7727-37-9TKN","Nitrogen, Total Kjeldahl",0,"mg/L",1,"RL",0.1,0.5,NA,NA,NA,TRUE,FALSE,"Big Hollow","Confluenc","Grab Sample","Point Sample","-02","Water","13 Sep 2022 13:00","15 Sep 2022 09:05","No",NA
"HOL-G6-CON-3","HS22090698-03","SM4500P E - P_TW M4500P E","7723-14-0","Phosphorus, Total (As P)",0.369,"mg/L",1,"RL",0.02,0.05,NA,NA,NA,FALSE,FALSE,"Big Hollow","Confluenc","Grab Sample","Point Sample","-03","Water","13 Sep 2022 13:00","15 Sep 2022 09:05","No",NA
"HOL-G6-CON-5","HS22090698-04","E200.8 - 200.8","7782-49-2","Selenium",5.34,"µg/L",1,"RL",0.86,2,NA,NA,NA,FALSE,FALSE,"Big Hollow","Confluenc","Grab Sample","Point Sample","-04","Water","13 Sep 2022 13:00","15 Sep 2022 09:05","No",NA
"HOL-G6-CON-8","HS22090698-05","E300 - 300_W_NItrate/Nitrite","ARC-NO3NO2N","Nitrate/Nitrite (as N)",5.99,"mg/L",10,"RL",0.3,2,NA,NA,NA,FALSE,FALSE,"Big Hollow","Confluenc","Grab Sample","Point Sample","-05","Water","13 Sep 2022 13:00","15 Sep 2022 09:05","No",NA
"HOL-G6-DOWN-1","HS22090698-06","E300 - 300_W","14797-55-8","Nitrogen, Nitrate (As N)",0.197,"mg/L",1,"RL",0.03,0.1,NA,NA,NA,FALSE,TRUE,"Big Hollow","Downstream of Bridg","Grab Sample","Point Sample","-06","Water","13 Sep 2022 13:00","15 Sep 2022 09:05","No",NA
"HOL-G6-DOWN-1","HS22090698-06","SM4500P E - P-Ortho M4500P E","7723-14-0","Phosphorus, Total Orthophosphate (as P)",0.1,"mg/L",1,"RL",0.01,0.05,NA,NA,NA,FALSE,TRUE,"Big Hollow","Downstream of Bridg","Grab Sample","Point Sample","-06","Water","13 Sep 2022 13:00","15 Sep 2022 09:05","No",NA
"HOL-G6-DOWN-2","HS22090698-07","M4500 NH3 D - TKN_W 4500NH3 D","7727-37-9TKN","Nitrogen, Total Kjeldahl",0.65,"mg/L",1,"RL",0.1,0.5,NA,NA,NA,FALSE,TRUE,"Big Hollow","Downstream of Bridg","Grab Sample","Point Sample","-07","Water","13 Sep 2022 13:00","15 Sep 2022 09:05","No",NA
"HOL-G6-DOWN-3","HS22090698-08","SM4500P E - P_TW M4500P E","7723-14-0","Phosphorus, Total (As P)",0.125,"mg/L",1,"RL",0.02,0.05,NA,NA,NA,FALSE,TRUE,"Big Hollow","Downstream of Bridg","Grab Sample","Point Sample","-08","Water","13 Sep 2022 13:00","15 Sep 2022 09:05","No",NA
"HOL-G6-DOWN-5","HS22090698-09","E200.8 - 200.8","7782-49-2","Selenium",0,"µg/L",1,"RL",0.86,2,NA,NA,NA,TRUE,TRUE,"Big Hollow","Downstream of Bridg","Grab Sample","Point Sample","-09","Water","13 Sep 2022 13:00","15 Sep 2022 09:05","No",NA
"HOL-G6-DOWN-8","HS22090698-10","E300 - 300_W_NItrate/Nitrite","ARC-NO3NO2N","Nitrate/Nitrite (as N)",0,"mg/L",10,"RL",0.3,2,NA,NA,NA,TRUE,TRUE,"Big Hollow","Downstream of Bridg","Grab Sample","Point Sample","-10","Water","13 Sep 2022 13:00","15 Sep 2022 09:05","No",NA
"HOL-G6-UP-1","HS22090698-11","E300 - 300_W","14797-55-8","Nitrogen, Nitrate (As N)",0.119,"mg/L",1,"RL",0.03,0.1,NA,NA,NA,FALSE,FALSE,"Big Hollow","Upstream of Bridg","Grab Sample","Point Sample","-11","Water","13 Sep 2022 13:00","15 Sep 2022 09:05","No",NA
"HOL-G6-UP-1","HS22090698-11","SM4500P E - P-Ortho M4500P E","7723-14-0","Phosphorus, Total Orthophosphate (as P)",0,"mg/L",1,"RL",0.01,0.05,NA,NA,NA,TRUE,FALSE,"Big Hollow","Upstream of Bridg","Grab Sample","Point Sample","-11","Water","13 Sep 2022 13:00","15 Sep 2022 09:05","No",NA
"HOL-G6-UP-2","HS22090698-12","M4500 NH3 D - TKN_W 4500NH3 D","7727-37-9TKN","Nitrogen, Total Kjeldahl",0.69,"mg/L",1,"RL",0.1,0.5,NA,NA,NA,FALSE,FALSE,"Big Hollow","Upstream of Bridg","Grab Sample","Point Sample","-12","Water","13 Sep 2022 13:00","15 Sep 2022 09:05","No",NA
"HOL-G6-UP-3","HS22090698-13","SM4500P E - P_TW M4500P E","7723-14-0","Phosphorus, Total (As P)",0.096,"mg/L",1,"RL",0.02,0.05,NA,NA,NA,FALSE,FALSE,"Big Hollow","Upstream of Bridg","Grab Sample","Point Sample","-13","Water","13 Sep 2022 13:00","15 Sep 2022 09:05","No",NA
"HOL-G6-UP-5","HS22090698-14","E200.8 - 200.8","7782-49-2","Selenium",0,"µg/L",1,"RL",0.86,2,NA,NA,NA,TRUE,FALSE,"Big Hollow","Upstream of Bridg","Grab Sample","Point Sample","-14","Water","13 Sep 2022 13:00","15 Sep 2022 09:05","No",NA
"HOL-G6-UP-8","HS22090698-15","E300 - 300_W_NItrate/Nitrite","ARC-NO3NO2N","Nitrate/Nitrite (as N)",0,"mg/L",10,"RL",0.3,2,NA,NA,NA,TRUE,FALSE,"Big Hollow","Upstream of Bridg","Grab Sample","Point Sample","-15","Water","13 Sep 2022 13:00","15 Sep 2022 09:05","No",NA
"HOL-G6-MID-1","HS22090698-16","E300 - 300_W","14797-55-8","Nitrogen, Nitrate (As N)",0,"mg/L",1,"RL",0.03,0.1,NA,NA,NA,TRUE,FALSE,"Big Hollow","Middle at Bridg","Grab Sample","Point Sample","-16","Water","13 Sep 2022 13:00","15 Sep 2022 09:05","No",NA
"HOL-G6-MID-1","HS22090698-16","SM4500P E - P-Ortho M4500P E","7723-14-0","Phosphorus, Total Orthophosphate (as P)",0,"mg/L",1,"RL",0.01,0.05,NA,NA,NA,TRUE,FALSE,"Big Hollow","Middle at Bridg","Grab Sample","Point Sample","-16","Water","13 Sep 2022 13:00","15 Sep 2022 09:05","No",NA
"HOL-G6-MID-2","HS22090698-17","M4500 NH3 D - TKN_W 4500NH3 D","7727-37-9TKN","Nitrogen, Total Kjeldahl",0.94,"mg/L",1,"RL",0.1,0.5,NA,NA,NA,FALSE,FALSE,"Big Hollow","Middle at Bridg","Grab Sample","Point Sample","-17","Water","13 Sep 2022 13:00","15 Sep 2022 09:05","No",NA
"HOL-G6-MID-3","HS22090698-18","SM4500P E - P_TW M4500P E","7723-14-0","Phosphorus, Total (As P)",0.138,"mg/L",1,"RL",0.02,0.05,NA,NA,NA,FALSE,FALSE,"Big Hollow","Middle at Bridg","Grab Sample","Point Sample","-18","Water","13 Sep 2022 13:00","15 Sep 2022 09:05","No",NA
"HOL-G6-MID-5","HS22090698-19","E200.8 - 200.8","7782-49-2","Selenium",0,"µg/L",1,"RL",0.86,2,NA,NA,NA,TRUE,FALSE,"Big Hollow","Middle at Bridg","Grab Sample","Point Sample","-19","Water","13 Sep 2022 13:00","15 Sep 2022 09:05","No",NA
"HOL-G6-MID-8","HS22090698-20","E300 - 300_W_NItrate/Nitrite","ARC-NO3NO2N","Nitrate/Nitrite (as N)",0,"mg/L",10,"RL",0.3,2,NA,NA,NA,TRUE,FALSE,"Big Hollow","Middle at Bridg","Grab Sample","Point Sample","-20","Water","13 Sep 2022 13:00","15 Sep 2022 09:05","No",NA
"BT-G6-PZE-1","HS22090699-01","E300 - 300_W","14797-55-8","Nitrogen, Nitrate (As N)",5.9,"mg/L",1,"RL",0.03,0.1,NA,NA,NA,FALSE,FALSE,"Berthoud","Piezometer Eas","Grab Sample","Point Sample","-01","Water","13 Sep 2022 13:00","15 Sep 2022 09:05","No",NA
"BT-G6-PZE-1","HS22090699-01","SM4500P E - P-Ortho M4500P E","7723-14-0","Phosphorus, Total Orthophosphate (as P)",0,"mg/L",1,"RL",0.01,0.05,NA,NA,NA,TRUE,FALSE,"Berthoud","Piezometer Eas","Grab Sample","Point Sample","-01","Water","13 Sep 2022 13:00","15 Sep 2022 09:05","No",NA
"BT-G6-PZE-2","HS22090699-02","M4500 NH3 D - TKN_W 4500NH3 D","7727-37-9TKN","Nitrogen, Total Kjeldahl",0,"mg/L",1,"RL",0.1,0.5,NA,NA,NA,TRUE,FALSE,"Berthoud","Piezometer Eas","Grab Sample","Point Sample","-02","Water","13 Sep 2022 13:00","15 Sep 2022 09:05","No",NA
"BT-G6-PZE-3","HS22090699-03","SM4500P E - P_TW M4500P E","7723-14-0","Phosphorus, Total (As P)",0,"mg/L",1,"RL",0.02,0.05,NA,NA,NA,TRUE,FALSE,"Berthoud","Piezometer Eas","Grab Sample","Point Sample","-03","Water","13 Sep 2022 13:00","15 Sep 2022 09:05","No",NA
"BT-G6-PZE-5","HS22090699-04","E200.8 - 200.8","7782-49-2","Selenium",27.3,"µg/L",1,"RL",0.86,2,NA,NA,NA,FALSE,FALSE,"Berthoud","Piezometer Eas","Grab Sample","Point Sample","-04","Water","13 Sep 2022 13:00","15 Sep 2022 09:05","No",NA
"BT-G6-PZE-8","HS22090699-05","E300 - 300_W_NItrate/Nitrite","ARC-NO3NO2N","Nitrate/Nitrite (as N)",5.84,"mg/L",10,"RL",0.3,2,NA,NA,NA,FALSE,FALSE,"Berthoud","Piezometer Eas","Grab Sample","Point Sample","-05","Water","13 Sep 2022 13:00","15 Sep 2022 09:05","No",NA
"BT-G6-PZW-1","HS22090699-06","E300 - 300_W","14797-55-8","Nitrogen, Nitrate (As N)",2.91,"mg/L",1,"RL",0.03,0.1,NA,NA,NA,FALSE,FALSE,"Berthoud","Piezometer Wes","Grab Sample","Point Sample","-06","Water","13 Sep 2022 13:00","15 Sep 2022 09:05","No",NA
"BT-G6-PZW-1","HS22090699-06","SM4500P E - P-Ortho M4500P E","7723-14-0","Phosphorus, Total Orthophosphate (as P)",0,"mg/L",1,"RL",0.01,0.05,NA,NA,NA,TRUE,FALSE,"Berthoud","Piezometer Wes","Grab Sample","Point Sample","-06","Water","13 Sep 2022 13:00","15 Sep 2022 09:05","No",NA
"BT-G6-PZW-2","HS22090699-07","M4500 NH3 D - TKN_W 4500NH3 D","7727-37-9TKN","Nitrogen, Total Kjeldahl",10,"mg/L",1,"RL",0.1,0.5,NA,NA,NA,FALSE,FALSE,"Berthoud","Piezometer Wes","Grab Sample","Point Sample","-07","Water","13 Sep 2022 13:00","15 Sep 2022 09:05","No",NA
"BT-G6-PZW-3","HS22090699-08","SM4500P E - P_TW M4500P E","7723-14-0","Phosphorus, Total (As P)",0,"mg/L",1,"RL",0.02,0.05,NA,NA,NA,TRUE,FALSE,"Berthoud","Piezometer Wes","Grab Sample","Point Sample","-08","Water","13 Sep 2022 13:00","15 Sep 2022 09:05","No",NA
"BT-G6-PZW-5","HS22090699-09","E200.8 - 200.8","7782-49-2","Selenium",14.2,"µg/L",1,"RL",0.86,2,NA,NA,NA,FALSE,FALSE,"Berthoud","Piezometer Wes","Grab Sample","Point Sample","-09","Water","13 Sep 2022 13:00","15 Sep 2022 09:05","No",NA
"BT-G6-PZW-8","HS22090699-10","E300 - 300_W_NItrate/Nitrite","ARC-NO3NO2N","Nitrate/Nitrite (as N)",2.82,"mg/L",10,"RL",0.3,2,NA,NA,NA,FALSE,FALSE,"Berthoud","Piezometer Wes","Grab Sample","Point Sample","-10","Water","13 Sep 2022 13:00","15 Sep 2022 09:05","No",NA
"BT-G6-RVA-1","HS22090699-11","E300 - 300_W","14797-55-8","Nitrogen, Nitrate (As N)",0,"mg/L",1,"RL",0.03,0.1,NA,NA,NA,TRUE,FALSE,"Berthoud","River ","Grab Sample","Point Sample","-11","Water","13 Sep 2022 13:00","15 Sep 2022 09:05","No",NA
"BT-G6-RVA-1","HS22090699-11","SM4500P E - P-Ortho M4500P E","7723-14-0","Phosphorus, Total Orthophosphate (as P)",0,"mg/L",1,"RL",0.01,0.05,NA,NA,NA,TRUE,FALSE,"Berthoud","River ","Grab Sample","Point Sample","-11","Water","13 Sep 2022 13:00","15 Sep 2022 09:05","No",NA
"BT-G6-RVA-2","HS22090699-12","M4500 NH3 D - TKN_W 4500NH3 D","7727-37-9TKN","Nitrogen, Total Kjeldahl",0,"mg/L",1,"RL",0.1,0.5,NA,NA,NA,TRUE,FALSE,"Berthoud","River ","Grab Sample","Point Sample","-12","Water","13 Sep 2022 13:00","15 Sep 2022 09:05","No",NA
"BT-G6-RVA-3","HS22090699-13","SM4500P E - P_TW M4500P E","7723-14-0","Phosphorus, Total (As P)",0,"mg/L",1,"RL",0.02,0.05,NA,NA,NA,TRUE,FALSE,"Berthoud","River ","Grab Sample","Point Sample","-13","Water","13 Sep 2022 13:00","15 Sep 2022 09:05","No",NA
"BT-G6-RVA-5","HS22090699-14","E200.8 - 200.8","7782-49-2","Selenium",0,"µg/L",1,"RL",0.86,2,NA,NA,NA,TRUE,FALSE,"Berthoud","River ","Grab Sample","Point Sample","-14","Water","13 Sep 2022 13:00","15 Sep 2022 09:05","No",NA
"BT-G6-RVA-8","HS22090699-15","E300 - 300_W_NItrate/Nitrite","ARC-NO3NO2N","Nitrate/Nitrite (as N)",0,"mg/L",10,"RL",0.3,2,NA,NA,NA,TRUE,FALSE,"Berthoud","River ","Grab Sample","Point Sample","-15","Water","13 Sep 2022 13:00","15 Sep 2022 09:05","No",NA
"BT-G6-RVB-1","HS22090699-16","E300 - 300_W","14797-55-8","Nitrogen, Nitrate (As N)",0,"mg/L",1,"RL",0.03,0.1,NA,NA,NA,TRUE,FALSE,"Berthoud","River ","Grab Sample","Point Sample","-16","Water","13 Sep 2022 13:00","15 Sep 2022 09:05","No",NA
"BT-G6-RVB-1","HS22090699-16","SM4500P E - P-Ortho M4500P E","7723-14-0","Phosphorus, Total Orthophosphate (as P)",0,"mg/L",1,"RL",0.01,0.05,NA,NA,NA,TRUE,FALSE,"Berthoud","River ","Grab Sample","Point Sample","-16","Water","13 Sep 2022 13:00","15 Sep 2022 09:05","No",NA
"BT-G6-RVB-2","HS22090699-17","M4500 NH3 D - TKN_W 4500NH3 D","7727-37-9TKN","Nitrogen, Total Kjeldahl",0,"mg/L",1,"RL",0.1,0.5,NA,NA,NA,TRUE,FALSE,"Berthoud","River ","Grab Sample","Point Sample","-17","Water","13 Sep 2022 13:00","15 Sep 2022 09:05","No",NA
"BT-G6-RVB-3","HS22090699-18","SM4500P E - P_TW M4500P E","7723-14-0","Phosphorus, Total (As P)",0,"mg/L",1,"RL",0.02,0.05,NA,NA,NA,TRUE,FALSE,"Berthoud","River ","Grab Sample","Point Sample","-18","Water","13 Sep 2022 13:00","15 Sep 2022 09:05","No",NA
"BT-G6-RVB-5","HS22090699-19","E200.8 - 200.8","7782-49-2","Selenium",0,"µg/L",1,"RL",0.86,2,NA,NA,NA,TRUE,FALSE,"Berthoud","River ","Grab Sample","Point Sample","-19","Water","13 Sep 2022 13:00","15 Sep 2022 09:05","No",NA
"BT-G6-RVB-8","HS22090699-20","E300 - 300_W_NItrate/Nitrite","ARC-NO3NO2N","Nitrate/Nitrite (as N)",0,"mg/L",10,"RL",0.3,2,NA,NA,NA,TRUE,FALSE,"Berthoud","River ","Grab Sample","Point Sample","-20","Water","13 Sep 2022 13:00","15 Sep 2022 09:05","No",NA
"BT-G6-RVA-1-D","HS22090699-21","E300 - 300_W","14797-55-8","Nitrogen, Nitrate (As N)",0,"mg/L",1,"RL",0.03,0.1,NA,NA,NA,TRUE,TRUE,"Berthoud","River ","Grab Sample","Point Sample","-21","Water","13 Sep 2022 13:00","15 Sep 2022 09:05","No",NA
"BT-G6-RVA-1-D","HS22090699-21","SM4500P E - P-Ortho M4500P E","7723-14-0","Phosphorus, Total Orthophosphate (as P)",0,"mg/L",1,"RL",0.01,0.05,NA,NA,NA,TRUE,TRUE,"Berthoud","River ","Grab Sample","Point Sample","-21","Water","13 Sep 2022 13:00","15 Sep 2022 09:05","No",NA
"BT-G6-RVA-2-D","HS22090699-22","M4500 NH3 D - TKN_W 4500NH3 D","7727-37-9TKN","Nitrogen, Total Kjeldahl",0,"mg/L",1,"RL",0.1,0.5,NA,NA,NA,TRUE,TRUE,"Berthoud","River ","Grab Sample","Point Sample","-22","Water","13 Sep 2022 13:00","15 Sep 2022 09:05","No",NA
"BT-G6-RVA-3-D","HS22090699-23","SM4500P E - P_TW M4500P E","7723-14-0","Phosphorus, Total (As P)",0,"mg/L",1,"RL",0.02,0.05,NA,NA,NA,TRUE,TRUE,"Berthoud","River ","Grab Sample","Point Sample","-23","Water","13 Sep 2022 13:00","15 Sep 2022 09:05","No",NA
"BT-G6-RVA-5-D","HS22090699-24","E200.8 - 200.8","7782-49-2","Selenium",0,"µg/L",1,"RL",0.86,2,NA,NA,NA,TRUE,TRUE,"Berthoud","River ","Grab Sample","Point Sample","-24","Water","13 Sep 2022 13:00","15 Sep 2022 09:05","No",NA
"BT-G6-RVA-8-D","HS22090699-25","E300 - 300_W_NItrate/Nitrite","ARC-NO3NO2N","Nitrate/Nitrite (as N)",0,"mg/L",10,"RL",0.3,2,NA,NA,NA,TRUE,TRUE,"Berthoud","River ","Grab Sample","Point Sample","-25","Water","13 Sep 2022 13:00","15 Sep 2022 09:05","No",NA
"BT-G6-RVB-1-D","HS22090699-26","E300 - 300_W","14797-55-8","Nitrogen, Nitrate (As N)",0,"mg/L",1,"RL",0.03,0.1,NA,NA,NA,TRUE,TRUE,"Berthoud","River ","Grab Sample","Point Sample","-26","Water","13 Sep 2022 13:00","15 Sep 2022 09:05","No",NA
"BT-G6-RVB-1-D","HS22090699-26","SM4500P E - P-Ortho M4500P E","7723-14-0","Phosphorus, Total Orthophosphate (as P)",0,"mg/L",1,"RL",0.01,0.05,NA,NA,NA,TRUE,TRUE,"Berthoud","River ","Grab Sample","Point Sample","-26","Water","13 Sep 2022 13:00","15 Sep 2022 09:05","No",NA
"BT-G6-RVB-2-D","HS22090699-27","M4500 NH3 D - TKN_W 4500NH3 D","7727-37-9TKN","Nitrogen, Total Kjeldahl",0,"mg/L",1,"RL",0.1,0.5,NA,NA,NA,TRUE,TRUE,"Berthoud","River ","Grab Sample","Point Sample","-27","Water","13 Sep 2022 13:00","15 Sep 2022 09:05","No",NA
"BT-G6-RVB-3-D","HS22090699-28","SM4500P E - P_TW M4500P E","7723-14-0","Phosphorus, Total (As P)",0,"mg/L",1,"RL",0.02,0.05,NA,NA,NA,TRUE,TRUE,"Berthoud","River ","Grab Sample","Point Sample","-28","Water","13 Sep 2022 13:00","15 Sep 2022 09:05","No",NA
"BT-G6-RVB-5-D","HS22090699-29","E200.8 - 200.8","7782-49-2","Selenium",0,"µg/L",1,"RL",0.86,2,NA,NA,NA,TRUE,TRUE,"Berthoud","River ","Grab Sample","Point Sample","-29","Water","13 Sep 2022 13:00","15 Sep 2022 09:05","No",NA
"BT-G6-RVB-8-D","HS22090699-30","E300 - 300_W_NItrate/Nitrite","ARC-NO3NO2N","Nitrate/Nitrite (as N)",0,"mg/L",10,"RL",0.3,2,NA,NA,NA,TRUE,TRUE,"Berthoud","River ","Grab Sample","Point Sample","-30","Water","13 Sep 2022 13:00","15 Sep 2022 09:05","No",NA
"BT-G6-RVMID-1-D","HS22090699-31","E300 - 300_W","14797-55-8","Nitrogen, Nitrate (As N)",0,"mg/L",1,"RL",0.03,0.1,NA,NA,NA,TRUE,TRUE,"Berthoud","River Middl","Grab Sample","Point Sample","-31","Water","13 Sep 2022 13:00","15 Sep 2022 09:05","No",NA
"BT-G6-RVMID-1-D","HS22090699-31","SM4500P E - P-Ortho M4500P E","7723-14-0","Phosphorus, Total Orthophosphate (as P)",0,"mg/L",1,"RL",0.01,0.05,NA,NA,NA,TRUE,TRUE,"Berthoud","River Middl","Grab Sample","Point Sample","-31","Water","13 Sep 2022 13:00","15 Sep 2022 09:05","No",NA
"BT-G6-RVMID-2-D","HS22090699-32","M4500 NH3 D - TKN_W 4500NH3 D","7727-37-9TKN","Nitrogen, Total Kjeldahl",0,"mg/L",1,"RL",0.1,0.5,NA,NA,NA,TRUE,TRUE,"Berthoud","River Middl","Grab Sample","Point Sample","-32","Water","13 Sep 2022 13:00","15 Sep 2022 09:05","No",NA
"BT-G6-RVMID-3-D","HS22090699-33","SM4500P E - P_TW M4500P E","7723-14-0","Phosphorus, Total (As P)",0,"mg/L",1,"RL",0.02,0.05,NA,NA,NA,TRUE,TRUE,"Berthoud","River Middl","Grab Sample","Point Sample","-33","Water","13 Sep 2022 13:00","15 Sep 2022 09:05","No",NA
"BT-G6-RVMID-5-D","HS22090699-34","E200.8 - 200.8","7782-49-2","Selenium",0,"µg/L",1,"RL",0.86,2,NA,NA,NA,TRUE,TRUE,"Berthoud","River Middl","Grab Sample","Point Sample","-34","Water","13 Sep 2022 13:00","15 Sep 2022 09:05","No",NA
"BT-G6-RVMID-8-D","HS22090699-35","E300 - 300_W_NItrate/Nitrite","ARC-NO3NO2N","Nitrate/Nitrite (as N)",0,"mg/L",10,"RL",0.3,2,NA,NA,NA,TRUE,TRUE,"Berthoud","River Middl","Grab Sample","Point Sample","-35","Water","13 Sep 2022 13:00","15 Sep 2022 09:05","No",NA
"BT-G6-RVMID-1","HS22090699-36","E300 - 300_W","14797-55-8","Nitrogen, Nitrate (As N)",0,"mg/L",1,"RL",0.03,0.1,NA,NA,NA,TRUE,FALSE,"Berthoud","River Middl","Grab Sample","Point Sample","-36","Water","13 Sep 2022 13:00","15 Sep 2022 09:05","No",NA
"BT-G6-RVMID-1","HS22090699-36","SM4500P E - P-Ortho M4500P E","7723-14-0","Phosphorus, Total Orthophosphate (as P)",0,"mg/L",1,"RL",0.01,0.05,NA,NA,NA,TRUE,FALSE,"Berthoud","River Middl","Grab Sample","Point Sample","-36","Water","13 Sep 2022 13:00","15 Sep 2022 09:05","No",NA
"BT-G6-RVMID-2","HS22090699-37","M4500 NH3 D - TKN_W 4500NH3 D","7727-37-9TKN","Nitrogen, Total Kjeldahl",1.2,"mg/L",1,"RL",0.1,0.5,NA,NA,NA,FALSE,FALSE,"Berthoud","River Middl","Grab Sample","Point Sample","-37","Water","13 Sep 2022 13:00","15 Sep 2022 09:05","No",NA
"BT-G6-RVMID-3","HS22090699-38","SM4500P E - P_TW M4500P E","7723-14-0","Phosphorus, Total (As P)",0,"mg/L",1,"RL",0.02,0.05,NA,NA,NA,TRUE,FALSE,"Berthoud","River Middl","Grab Sample","Point Sample","-38","Water","13 Sep 2022 13:00","15 Sep 2022 09:05","No",NA
"BT-G6-RVMID-5","HS22090699-39","E200.8 - 200.8","7782-49-2","Selenium",0,"µg/L",1,"RL",0.86,2,NA,NA,NA,TRUE,FALSE,"Berthoud","River Middl","Grab Sample","Point Sample","-39","Water","13 Sep 2022 13:00","15 Sep 2022 09:05","No",NA
"BT-G6-RVMID-8","HS22090699-40","E300 - 300_W_NItrate/Nitrite","ARC-NO3NO2N","Nitrate/Nitrite (as N)",0,"mg/L",10,"RL",0.3,2,NA,NA,NA,TRUE,FALSE,"Berthoud","River Middl","Grab Sample","Point Sample","-40","Water","13 Sep 2022 13:00","15 Sep 2022 09:05","No",NA
"UYM-03-INLC-1","2207037-1","EPA300.0 [300Nitrate]_W","14797-55-8","NITRATE AS N",0,"MG/L",1,"PRL",0.19,0.2,"As Received",NA,NA,TRUE,FALSE,"Yampa",NA,"Low-Cost Sampler","Inflow","-1","WATER","30 Jun 22 09:00","01 Jul 22 14:30","No",NA
"UYM-03-INLC-1","2207037-1","EPA300.0 [300Nitrite]_W","14797-65-0","NITRITE AS N",0.8,"MG/L",1,"PRL",0.11,0.15,"As Received",NA,NA,FALSE,FALSE,"Yampa",NA,"Low-Cost Sampler","Inflow","-1","WATER","30 Jun 22 09:00","01 Jul 22 14:30","No",NA
"UYM-03-INLC-1","2207037-1","EPA300.0 [300OPHOS]_W","14265-44-2","ORTHOPHOSPHATE AS P",0,"MG/L",1,"PRL",0.34,0.75,"As Received",NA,NA,TRUE,FALSE,"Yampa",NA,"Low-Cost Sampler","Inflow","-1","WATER","30 Jun 22 09:00","01 Jul 22 14:30","No",NA
"UYM-03-INLC-1","2207037-1","EPA200.8 [SE200.8]_W","7782-49-2","SELENIUM",0,"UG/L",10,"PRL",NA,1.5,"As Received",NA,NA,TRUE,FALSE,"Yampa",NA,"Low-Cost Sampler","Inflow","-1","WATER","30 Jun 22 09:00","01 Jul 22 14:30","No",NA
"UYM-03-INLC-1","2207037-1","EPA365.2 [365.2TPHOS]_W","7723-14-0","TOTAL PHOSPHORUS",0.16,"MG/L",1,"PRL",0.033,0.05,"As Received",NA,NA,FALSE,FALSE,"Yampa",NA,"Low-Cost Sampler","Inflow","-1","WATER","30 Jun 22 09:00","01 Jul 22 14:30","No",NA
"UYM-03-INLC-1-D","2207037-2","EPA300.0 [300Nitrate]_W","14797-55-8","NITRATE AS N",0,"MG/L",1,"PRL",0.19,0.2,"As Received",NA,NA,TRUE,TRUE,"Yampa",NA,"Low-Cost Sampler","Inflow","-2","WATER","30 Jun 22 09:00","01 Jul 22 14:30","No",NA
"UYM-03-INLC-1-D","2207037-2","EPA300.0 [300Nitrite]_W","14797-65-0","NITRITE AS N",0.88,"MG/L",1,"PRL",0.11,0.15,"As Received",NA,NA,FALSE,TRUE,"Yampa",NA,"Low-Cost Sampler","Inflow","-2","WATER","30 Jun 22 09:00","01 Jul 22 14:30","No",NA
"UYM-03-INLC-1-D","2207037-2","EPA300.0 [300OPHOS]_W","14265-44-2","ORTHOPHOSPHATE AS P",0,"MG/L",1,"PRL",0.34,0.75,"As Received",NA,NA,TRUE,TRUE,"Yampa",NA,"Low-Cost Sampler","Inflow","-2","WATER","30 Jun 22 09:00","01 Jul 22 14:30","No",NA
"UYM-03-INLC-1-D","2207037-2","EPA200.8 [SE200.8]_W","7782-49-2","SELENIUM",0,"UG/L",10,"PRL",NA,1.5,"As Received",NA,NA,TRUE,TRUE,"Yampa",NA,"Low-Cost Sampler","Inflow","-2","WATER","30 Jun 22 09:00","01 Jul 22 14:30","No",NA
"UYM-03-INLC-1-D","2207037-2","EPA365.2 [365.2TPHOS]_W","7723-14-0","TOTAL PHOSPHORUS",0.19,"MG/L",1,"PRL",0.033,0.05,"As Received",NA,NA,FALSE,TRUE,"Yampa",NA,"Low-Cost Sampler","Inflow","-2","WATER","30 Jun 22 09:00","01 Jul 22 14:30","No",NA
"UYM-03-OT-1","2207037-3","EPA300.0 [300Nitrate]_W","14797-55-8","NITRATE AS N",0,"MG/L",1,"PRL",0.19,0.2,"As Received",NA,NA,TRUE,FALSE,"Yampa",NA,"ISCO","Outflow","-3","WATER","30 Jun 22 09:00","01 Jul 22 14:30","No",NA
"UYM-03-OT-1","2207037-3","EPA300.0 [300Nitrite]_W","14797-65-0","NITRITE AS N",1.3,"MG/L",1,"PRL",0.11,0.15,"As Received",NA,NA,FALSE,FALSE,"Yampa",NA,"ISCO","Outflow","-3","WATER","30 Jun 22 09:00","01 Jul 22 14:30","No",NA
"UYM-03-OT-1","2207037-3","EPA300.0 [300OPHOS]_W","14265-44-2","ORTHOPHOSPHATE AS P",0,"MG/L",1,"PRL",0.34,0.75,"As Received",NA,NA,TRUE,FALSE,"Yampa",NA,"ISCO","Outflow","-3","WATER","30 Jun 22 09:00","01 Jul 22 14:30","No",NA
"UYM-03-OT-1","2207037-3","EPA200.8 [SE200.8]_W","7782-49-2","SELENIUM",0,"UG/L",10,"PRL",NA,1.5,"As Received",NA,NA,TRUE,FALSE,"Yampa",NA,"ISCO","Outflow","-3","WATER","30 Jun 22 09:00","01 Jul 22 14:30","No",NA
"UYM-03-OT-1","2207037-3","EPA365.2 [365.2TPHOS]_W","7723-14-0","TOTAL PHOSPHORUS",0,"MG/L",1,"PRL",0.033,0.05,"As Received",NA,NA,TRUE,FALSE,"Yampa",NA,"ISCO","Outflow","-3","WATER","30 Jun 22 09:00","01 Jul 22 14:30","No",NA
"UYM-03-OT-1-D","2207037-4","EPA300.0 [300Nitrate]_W","14797-55-8","NITRATE AS N",0,"MG/L",1,"PRL",0.19,0.2,"As Received",NA,NA,TRUE,TRUE,"Yampa",NA,"ISCO","Outflow","-4","WATER","30 Jun 22 09:00","01 Jul 22 14:30","No",NA
"UYM-03-OT-1-D","2207037-4","EPA300.0 [300Nitrite]_W","14797-65-0","NITRITE AS N",1.3,"MG/L",1,"PRL",0.11,0.15,"As Received",NA,NA,FALSE,TRUE,"Yampa",NA,"ISCO","Outflow","-4","WATER","30 Jun 22 09:00","01 Jul 22 14:30","No",NA
"UYM-03-OT-1-D","2207037-4","EPA300.0 [300OPHOS]_W","14265-44-2","ORTHOPHOSPHATE AS P",0,"MG/L",1,"PRL",0.34,0.75,"As Received",NA,NA,TRUE,TRUE,"Yampa",NA,"ISCO","Outflow","-4","WATER","30 Jun 22 09:00","01 Jul 22 14:30","No",NA
"UYM-03-OT-1-D","2207037-4","EPA200.8 [SE200.8]_W","7782-49-2","SELENIUM",0,"UG/L",10,"PRL",NA,1.5,"As Received",NA,NA,TRUE,TRUE,"Yampa",NA,"ISCO","Outflow","-4","WATER","30 Jun 22 09:00","01 Jul 22 14:30","No",NA
"UYM-03-OT-1-D","2207037-4","EPA365.2 [365.2TPHOS]_W","7723-14-0","TOTAL PHOSPHORUS",0,"MG/L",1,"PRL",0.033,0.05,"As Received",NA,NA,TRUE,TRUE,"Yampa",NA,"ISCO","Outflow","-4","WATER","30 Jun 22 09:00","01 Jul 22 14:30","No",NA
